item_no,rate,previous_price,currency,active_status
VL-001,1650.0,,TK.,N
VL-002,495.0,,TK.,N
VL-003,495.0,,TK.,N
VL-004,495.0,,TK.,N
VL-005,495.0,,TK.,N
VL-006,495.0,,TK.,N
VL-007,495.0,,TK.,N
VL-008,495.0,,TK.,N
VL-009,495.0,,TK.,N
VL-010,399.0,850.0,TK.,Y
VL-011,2184.0,2420.0,TK.,Y
VL-012,1755.0,1870.0,TK.,N
VL-013,1100.0,,TK.,Y
VL-014,880.0,,TK.,Y
VL-015,396.0,880.0,TK.,Y
VL-016,270.0,550.0,TK.,Y
VL-017,439.0,495.0,TK.,Y
VL-018,649.0,770.0,TK.,Y
VL-019,385.0,825.0,TK.,Y
VL-020,374.0,660.0,TK.,Y
VL-021,880.0,,TK.,Y
VL-022,2195.0,2750.0,TK.,Y
VL-023,2950.0,3780.0,TK.,Y
VL-024,2195.0,2750.0,TK.,Y
VL-025,439.0,879.0,TK.,Y
VL-026,1649.0,1749.0,TK.,N
VL-027,1649.0,1760.0,TK.,N
VL-028,1760.0,,TK.,Y
VL-029,1649.0,1760.0,TK.,Y
VL-030,899.0,1650.0,TK.,Y
VL-031,899.0,1848.0,TK.,Y
VL-032,605.0,,TK.,Y
VL-033,550.0,,TK.,Y
VL-034,1375.0,1650.0,TK.,Y
VL-035,329.0,550.0,TK.,N
VL-036,330.0,,TK.,N
VL-037,435.0,825.0,TK.,Y
VL-038,399.0,825.0,TK.,Y
VL-039,545.0,825.0,TK.,Y
VL-040,435.0,825.0,TK.,Y
VL-041,435.0,825.0,TK.,Y
VL-042,395.0,605.0,TK.,Y
VL-043,329.0,605.0,TK.,N
VL-044,1205.0,1319.0,TK.,Y
VL-045,424.0,825.0,TK.,N
VL-046,550.0,,TK.,Y
VL-047,3295.0,4950.0,TK.,Y
VL-048,879.0,,TK.,Y
VL-049,1100.0,,TK.,N
VL-050,433.0,440.0,TK.,Y
VL-051,655.0,1210.0,TK.,N
VL-052,2598.0,3500.0,TK.,N
VL-053,2595.0,3500.0,TK.,Y
VL-054,1649.0,1815.0,TK.,Y
VL-055,1399.0,1650.0,TK.,Y
VL-056,699.0,850.0,TK.,N
VL-057,499.0,715.0,TK.,Y
VL-058,329.0,715.0,TK.,N
VL-059,879.0,1375.0,TK.,Y
VL-060,879.0,1021.0,TK.,Y
VL-061,424.0,495.0,TK.,Y
VL-062,325.0,605.0,TK.,Y
VL-063,2195.0,2750.0,TK.,N
VL-064,439.0,935.0,TK.,Y
VL-065,275.0,385.0,TK.,Y
VL-066,285.0,385.0,TK.,Y
VL-067,325.0,605.0,TK.,Y
VL-068,1535.0,1650.0,TK.,Y
VL-069,1645.0,2750.0,TK.,N
VL-070,2750.0,38500.0,TK.,Y
VL-071,655.0,935.0,TK.,Y
VL-072,989.0,1815.0,TK.,N
VL-073,495.0,825.0,TK.,Y
VL-074,825.0,,TK.,N
VL-075,985.0,1375.0,TK.,Y
VL-076,295.0,825.0,TK.,Y
VL-077,599.0,802.0,TK.,N
VL-078,765.0,825.0,TK.,Y
VL-079,765.0,825.0,TK.,Y
VL-080,219.0,242.0,TK.,N
VL-081,350.0,715.0,TK.,Y
VL-082,185.0,385.0,TK.,Y
VL-083,399.0,715.0,TK.,Y
VL-084,499.0,1351.0,TK.,Y
VL-085,499.0,950.0,TK.,Y
VL-086,1942.0,2200.0,TK.,Y
VL-087,699.0,1462.0,TK.,Y
VL-088,2805.0,,TK.,N
VL-089,2495.0,2805.0,TK.,Y
VL-090,2495.0,2805.0,TK.,Y
VL-091,1755.0,2805.0,TK.,Y
VL-092,769.0,1375.0,TK.,N
VL-093,864.0,1265.0,TK.,N
VL-094,769.0,1463.0,TK.,Y
VL-095,836.0,1265.0,TK.,N
VL-096,2035.0,2805.0,TK.,N
VL-097,875.0,935.0,TK.,Y
VL-098,636.0,692.0,TK.,Y
VL-099,499.0,1462.0,TK.,N
VL-100,499.0,1462.0,TK.,N
VL-101,875.0,1045.0,TK.,Y
VL-102,825.0,1265.0,TK.,Y
VL-103,935.0,,TK.,N
VL-104,1095.0,1705.0,TK.,N
VL-105,765.0,935.0,TK.,Y
VL-106,299.0,495.0,TK.,Y
VL-107,545.0,935.0,TK.,Y
VL-108,299.0,385.0,TK.,Y
VL-109,1645.0,2750.0,TK.,Y
VL-110,325.0,385.0,TK.,Y
VL-111,329.0,385.0,TK.,N
VL-112,595.0,1551.0,TK.,Y
VL-113,439.0,495.0,TK.,Y
VL-114,1088.0,1760.0,TK.,N
VL-115,329.0,605.0,TK.,Y
VL-116,395.0,835.0,TK.,Y
VL-117,879.0,935.0,TK.,Y
VL-118,754.0,825.0,TK.,Y
VL-119,985.0,1045.0,TK.,Y
VL-120,1250.0,2035.0,TK.,Y
VL-121,439.0,495.0,TK.,N
VL-122,1979.0,2750.0,TK.,Y
VL-123,186.0,330.0,TK.,Y
VL-124,545.0,715.0,TK.,Y
VL-125,1645.0,3850.0,TK.,N
VL-126,2199.0,3520.0,TK.,Y
VL-127,534.0,715.0,TK.,Y
VL-128,1425.0,1815.0,TK.,Y
VL-129,655.0,935.0,TK.,Y
VL-130,1869.0,2530.0,TK.,Y
VL-131,109.0,187.0,TK.,Y
VL-132,1293.0,1320.0,TK.,Y
VL-133,765.0,825.0,TK.,Y
VL-134,2495.0,3850.0,TK.,Y
VL-135,2495.0,3850.0,TK.,Y
VL-136,2495.0,3850.0,TK.,Y
VL-137,3295.0,6050.0,TK.,N
VL-138,4395.0,5500.0,TK.,N
VL-139,299.0,350.0,TK.,Y
VL-140,299.0,350.0,TK.,Y
VL-141,3295.0,6050.0,TK.,N
VL-142,3350.0,3850.0,TK.,Y
VL-143,195.0,275.0,TK.,Y
VL-144,3399.0,3685.0,TK.,Y
VL-145,435.0,605.0,TK.,Y
VL-146,1539.0,2035.0,TK.,Y
VL-147,399.0,880.0,TK.,Y
VL-148,399.0,802.0,TK.,Y
VL-149,435.0,495.0,TK.,Y
VL-150,435.0,495.0,TK.,Y
VL-151,4399.0,6050.0,TK.,Y
VL-152,4399.0,6050.0,TK.,Y
VL-153,1295.0,1500.0,TK.,Y
VL-154,1869.0,2035.0,TK.,Y
VL-155,799.0,1000.0,TK.,Y
VL-156,995.0,1500.0,TK.,Y
VL-157,899.0,1200.0,TK.,Y
VL-158,799.0,1000.0,TK.,Y
VL-159,2525.0,3850.0,TK.,Y
VL-160,2495.0,3850.0,TK.,Y
VL-161,1995.0,2750.0,TK.,Y
VL-162,1995.0,2750.0,TK.,Y
VL-163,1995.0,2750.0,TK.,Y
VL-164,1995.0,2750.0,TK.,Y
VL-165,1985.0,2500.0,TK.,N
VL-166,659.0,715.0,TK.,Y
VL-167,875.0,1320.0,TK.,Y
VL-168,1995.0,2250.0,TK.,Y
VL-169,3955.0,4950.0,TK.,Y
VL-170,3955.0,4950.0,TK.,Y
VL-171,549.0,912.0,TK.,Y
VL-172,1084.0,1100.0,TK.,Y
VL-173,4373.0,4950.0,TK.,Y
VL-174,1429.0,1760.0,TK.,Y
VL-175,3625.0,4950.0,TK.,N
VL-176,989.0,1100.0,TK.,Y
VL-177,1795.0,3000.0,TK.,Y
VL-178,2745.0,3850.0,TK.,Y
VL-179,1895.0,3500.0,TK.,N
VL-180,989.0,1815.0,TK.,Y
VL-181,595.0,750.0,TK.,Y
VL-182,5995.0,8500.0,TK.,N
VL-183,2495.0,3850.0,TK.,Y
VL-184,605.0,825.0,TK.,N
VL-185,494.0,912.0,TK.,Y
VL-186,10995.0,13750.0,TK.,N
VL-187,375.0,692.0,TK.,N
VL-188,545.0,660.0,TK.,Y
VL-189,120.0,275.0,TK.,Y
VL-190,765.0,1045.0,TK.,Y
VL-191,795.0,950.0,TK.,Y
VL-192,449.0,935.0,TK.,Y
VL-193,1995.0,2550.0,TK.,Y
VL-194,4875.0,5950.0,TK.,Y
VL-195,2495.0,3938.0,TK.,N
VL-196,2995.0,3850.0,TK.,Y
VL-197,193.0,220.0,TK.,Y
VL-198,935.0,1320.0,TK.,Y
VL-199,935.0,1320.0,TK.,Y
VL-200,935.0,1320.0,TK.,Y
VL-201,935.0,1320.0,TK.,Y
VL-202,799.0,1452.0,TK.,Y
VL-203,1084.0,2200.0,TK.,Y
VL-204,1319.0,2200.0,TK.,Y
VL-205,3595.0,3850.0,TK.,Y
VL-206,299.0,605.0,TK.,N
VL-207,439.0,825.0,TK.,Y
VL-208,769.0,935.0,TK.,Y
VL-209,864.0,1540.0,TK.,Y
VL-210,1865.0,2200.0,TK.,Y
VL-211,1084.0,2200.0,TK.,Y
VL-212,1095.0,2200.0,TK.,Y
VL-213,1319.0,1650.0,TK.,Y
VL-214,1865.0,1980.0,TK.,N
VL-215,4395.0,6050.0,TK.,Y
VL-216,1895.0,3300.0,TK.,Y
VL-217,599.0,1045.0,TK.,Y
VL-218,2799.0,3350.0,TK.,Y
VL-219,2799.0,3550.0,TK.,N
VL-220,2799.0,3550.0,TK.,Y
VL-221,2869.0,4500.0,TK.,Y
VL-222,2585.0,4950.0,TK.,N
VL-223,2780.0,4500.0,TK.,Y
VL-224,3500.0,3850.0,TK.,Y
VL-225,549.0,935.0,TK.,Y
VL-226,699.0,990.0,TK.,Y
VL-227,765.0,935.0,TK.,Y
VL-228,765.0,990.0,TK.,Y
VL-229,549.0,1022.0,TK.,Y
VL-230,549.0,1022.0,TK.,Y
VL-231,765.0,990.0,TK.,Y
VL-232,799.0,1375.0,TK.,Y
VL-233,549.0,1012.0,TK.,Y
VL-234,3295.0,3850.0,TK.,Y
VL-235,2195.0,2750.0,TK.,N
VL-236,1645.0,2750.0,TK.,Y
VL-237,499.0,850.0,TK.,Y
VL-238,879.0,1045.0,TK.,Y
VL-239,1649.0,2200.0,TK.,N
VL-240,2750.0,3750.0,TK.,Y
VL-241,2850.0,3900.0,TK.,Y
VL-242,549.0,912.0,TK.,Y
VL-243,2850.0,3750.0,TK.,Y
VL-244,435.0,825.0,TK.,N
VL-245,1649.0,2750.0,TK.,N
VL-246,2495.0,5037.0,TK.,Y
VL-247,385.0,850.0,TK.,Y
VL-248,655.0,825.0,TK.,Y
VL-249,215.0,275.0,TK.,Y
VL-250,1979.0,3850.0,TK.,Y
VL-251,2495.0,3905.0,TK.,Y
VL-252,2195.0,3850.0,TK.,Y
VL-253,2195.0,3850.0,TK.,Y
VL-254,875.0,1375.0,TK.,Y
VL-255,879.0,935.0,TK.,Y
VL-256,1022.0,,TK.,Y
VL-257,879.0,935.0,TK.,Y
VL-258,879.0,935.0,TK.,Y
VL-259,875.0,1375.0,TK.,Y
VL-260,399.0,715.0,TK.,Y
VL-261,399.0,808.0,TK.,Y
VL-262,399.0,808.0,TK.,Y
VL-263,399.0,808.0,TK.,Y
VL-264,399.0,808.0,TK.,Y
VL-265,399.0,808.0,TK.,Y
VL-266,435.0,605.0,TK.,N
VL-267,765.0,1100.0,TK.,N
VL-268,399.0,1375.0,TK.,Y
VL-269,974.0,1375.0,TK.,N
VL-270,165.0,385.0,TK.,Y
VL-271,2145.0,2750.0,TK.,N
VL-272,195.0,275.0,TK.,Y
VL-273,199.0,605.0,TK.,Y
VL-274,329.0,605.0,TK.,Y
VL-275,285.0,605.0,TK.,Y
VL-276,195.0,605.0,TK.,Y
VL-277,329.0,605.0,TK.,Y
VL-278,3284.0,3850.0,TK.,N
VL-279,3499.0,4500.0,TK.,Y
VL-280,2895.0,3500.0,TK.,Y
VL-281,1799.0,2500.0,TK.,N
VL-282,715.0,935.0,TK.,Y
VL-283,715.0,935.0,TK.,Y
VL-284,715.0,935.0,TK.,Y
VL-285,314.0,495.0,TK.,N
VL-286,384.0,825.0,TK.,Y
VL-287,715.0,935.0,TK.,Y
VL-288,2855.0,3850.0,TK.,N
VL-289,549.0,715.0,TK.,Y
VL-290,549.0,715.0,TK.,Y
VL-291,549.0,715.0,TK.,Y
VL-292,1250.0,1375.0,TK.,Y
VL-293,384.0,627.0,TK.,Y
VL-294,325.0,605.0,TK.,Y
VL-295,3295.0,3850.0,TK.,N
VL-296,3295.0,3850.0,TK.,Y
VL-297,499.0,935.0,TK.,Y
VL-298,435.0,605.0,TK.,N
VL-299,435.0,495.0,TK.,N
VL-300,495.0,715.0,TK.,Y
VL-301,879.0,1320.0,TK.,Y
VL-302,250.0,935.0,TK.,Y
VL-303,399.0,715.0,TK.,Y
VL-304,250.0,715.0,TK.,Y
VL-305,864.0,1320.0,TK.,Y
VL-306,989.0,1155.0,TK.,Y
VL-307,699.0,935.0,TK.,Y
VL-308,549.0,935.0,TK.,Y
VL-309,329.0,385.0,TK.,Y
VL-310,989.0,1375.0,TK.,Y
VL-311,989.0,1375.0,TK.,Y
VL-312,989.0,1375.0,TK.,Y
VL-313,989.0,1375.0,TK.,Y
VL-314,1995.0,2500.0,TK.,Y
VL-315,549.0,1375.0,TK.,Y
VL-316,2495.0,3850.0,TK.,Y
VL-317,385.0,605.0,TK.,Y
VL-318,549.0,825.0,TK.,Y
VL-319,549.0,902.0,TK.,Y
VL-320,879.0,1045.0,TK.,Y
VL-321,380.0,715.0,TK.,Y
VL-322,879.0,1045.0,TK.,Y
VL-323,1095.0,1650.0,TK.,Y
VL-324,549.0,935.0,TK.,Y
VL-325,499.0,1109.0,TK.,Y
VL-326,499.0,1109.0,TK.,Y
VL-327,3025.0,4400.0,TK.,N
VL-328,1515.0,1681.0,TK.,Y
VL-329,499.0,1150.0,TK.,Y
VL-330,499.0,1150.0,TK.,Y
VL-331,499.0,1150.0,TK.,Y
VL-332,499.0,1150.0,TK.,Y
VL-333,499.0,1150.0,TK.,Y
VL-334,499.0,1150.0,TK.,Y
VL-335,549.0,935.0,TK.,Y
VL-336,219.0,275.0,TK.,Y
VL-337,99.0,300.0,TK.,Y
VL-338,549.0,935.0,TK.,Y
VL-339,417.0,462.0,TK.,Y
VL-340,329.0,385.0,TK.,Y
VL-341,329.0,385.0,TK.,Y
VL-342,215.0,275.0,TK.,Y
VL-343,199.0,299.0,TK.,Y
VL-344,1925.0,2750.0,TK.,Y
VL-345,1795.0,1850.0,TK.,N
VL-346,199.0,499.0,TK.,Y
VL-347,1045.0,,TK.,Y
VL-348,949.0,1463.0,TK.,N
VL-349,985.0,1375.0,TK.,N
VL-350,599.0,1452.0,TK.,Y
VL-351,395.0,825.0,TK.,Y
VL-352,985.0,1375.0,TK.,Y
VL-353,1195.0,1750.0,TK.,Y
VL-354,1195.0,1750.0,TK.,Y
VL-355,985.0,1375.0,TK.,Y
VL-356,549.0,825.0,TK.,Y
VL-357,275.0,385.0,TK.,Y
VL-358,599.0,715.0,TK.,Y
VL-359,599.0,715.0,TK.,Y
VL-360,599.0,715.0,TK.,Y
VL-361,599.0,715.0,TK.,Y
VL-362,599.0,715.0,TK.,Y
VL-363,395.0,825.0,TK.,Y
VL-364,439.0,803.0,TK.,Y
VL-365,384.0,605.0,TK.,Y
VL-366,99.0,150.0,TK.,Y
VL-367,99.0,150.0,TK.,Y
VL-368,99.0,150.0,TK.,Y
VL-369,99.0,150.0,TK.,Y
VL-370,99.0,150.0,TK.,Y
VL-371,99.0,150.0,TK.,Y
VL-372,99.0,150.0,TK.,Y
VL-373,4175.0,4950.0,TK.,N
VL-374,699.0,1375.0,TK.,Y
VL-375,3295.0,3850.0,TK.,Y
VL-376,158.0,275.0,TK.,N
VL-377,825.0,1045.0,TK.,N
VL-378,3845.0,4950.0,TK.,Y
VL-379,3850.0,4950.0,TK.,N
VL-380,3845.0,4950.0,TK.,N
VL-381,549.0,825.0,TK.,Y
VL-382,549.0,825.0,TK.,Y
VL-383,549.0,825.0,TK.,Y
VL-384,599.0,999.0,TK.,N
VL-385,3795.0,4950.0,TK.,N
VL-386,3295.0,3850.0,TK.,Y
VL-387,2085.0,2750.0,TK.,N
VL-388,930.0,1122.0,TK.,Y
VL-389,879.0,1045.0,TK.,Y
VL-390,799.0,1133.0,TK.,Y
VL-391,799.0,1133.0,TK.,Y
VL-392,799.0,1133.0,TK.,Y
VL-393,799.0,1133.0,TK.,Y
VL-394,3185.0,3850.0,TK.,Y
VL-395,1975.0,2750.0,TK.,Y
VL-396,2085.0,2750.0,TK.,Y
VL-397,2595.0,3850.0,TK.,Y
VL-398,1095.0,1320.0,TK.,Y
VL-399,879.0,1045.0,TK.,Y
VL-400,549.0,1100.0,TK.,Y
VL-401,435.0,605.0,TK.,Y
VL-402,385.0,605.0,TK.,Y
VL-403,3570.0,4850.0,TK.,Y
VL-404,2195.0,2475.0,TK.,N
VL-405,2635.0,3300.0,TK.,N
VL-406,2195.0,2750.0,TK.,N
VL-407,2184.0,3245.0,TK.,Y
VL-408,439.0,605.0,TK.,Y
VL-409,439.0,605.0,TK.,Y
VL-410,439.0,605.0,TK.,Y
VL-411,439.0,605.0,TK.,N
VL-412,1425.0,1650.0,TK.,N
VL-413,989.0,1452.0,TK.,Y
VL-414,399.0,495.0,TK.,Y
VL-415,3245.0,3850.0,TK.,N
VL-416,3245.0,3850.0,TK.,Y
VL-417,3295.0,3937.0,TK.,Y
VL-418,4384.0,6050.0,TK.,N
VL-419,3850.0,4950.0,TK.,N
VL-420,4125.0,4950.0,TK.,Y
VL-421,435.0,605.0,TK.,N
VL-422,4384.0,4950.0,TK.,Y
VL-423,4175.0,6050.0,TK.,Y
VL-424,7500.0,8500.0,TK.,Y
VL-425,655.0,935.0,TK.,Y
VL-426,219.0,275.0,TK.,Y
VL-427,215.0,275.0,TK.,Y
VL-428,197.0,275.0,TK.,Y
VL-429,655.0,825.0,TK.,Y
VL-430,435.0,495.0,TK.,Y
VL-431,4995.0,6500.0,TK.,N
VL-432,699.0,825.0,TK.,Y
VL-433,545.0,825.0,TK.,Y
VL-434,439.0,715.0,TK.,N
VL-435,1550.0,2150.0,TK.,Y
VL-436,1095.0,1452.0,TK.,Y
VL-437,545.0,715.0,TK.,N
VL-438,1795.0,2750.0,TK.,Y
VL-439,995.0,1555.0,TK.,Y
VL-440,4565.0,4950.0,TK.,Y
VL-441,3995.0,4950.0,TK.,Y
VL-442,3954.0,4850.0,TK.,Y
VL-443,4995.0,7500.0,TK.,Y
VL-444,3495.0,4850.0,TK.,Y
VL-445,439.0,825.0,TK.,Y
VL-446,5495.0,7150.0,TK.,Y
VL-447,1759.0,2750.0,TK.,Y
VL-448,3025.0,4950.0,TK.,N
VL-449,3850.0,5500.0,TK.,Y
VL-450,3135.0,3850.0,TK.,N
VL-451,3135.0,3850.0,TK.,N
VL-452,3135.0,3850.0,TK.,N
VL-453,3135.0,4950.0,TK.,Y
VL-454,3520.0,4950.0,TK.,N
VL-455,1815.0,2200.0,TK.,N
VL-456,2184.0,2750.0,TK.,Y
VL-457,2184.0,2750.0,TK.,Y
VL-458,765.0,825.0,TK.,Y
VL-459,3135.0,4950.0,TK.,N
VL-460,329.0,385.0,TK.,N
VL-461,219.0,495.0,TK.,Y
VL-462,3200.0,4800.0,TK.,Y
VL-463,1205.0,1650.0,TK.,Y
VL-464,435.0,715.0,TK.,Y
VL-465,699.0,750.0,TK.,Y
VL-466,439.0,550.0,TK.,Y
VL-467,1759.0,2035.0,TK.,Y
VL-468,1995.0,2837.0,TK.,Y
VL-469,1539.0,2805.0,TK.,Y
VL-470,799.0,1650.0,TK.,Y
VL-471,799.0,1650.0,TK.,N
VL-472,799.0,1650.0,TK.,N
VL-473,799.0,1650.0,TK.,Y
VL-474,799.0,1650.0,TK.,N
VL-475,385.0,,TK.,N
VL-476,659.0,1650.0,TK.,Y
VL-477,439.0,692.0,TK.,Y
VL-478,769.0,1452.0,TK.,Y
VL-479,437.0,495.0,TK.,Y
VL-480,549.0,935.0,TK.,N
VL-481,879.0,1375.0,TK.,Y
VL-482,395.0,935.0,TK.,Y
VL-483,599.0,715.0,TK.,Y
VL-484,149.0,385.0,TK.,N
VL-485,149.0,385.0,TK.,Y
VL-486,149.0,385.0,TK.,N
VL-487,149.0,385.0,TK.,Y
VL-488,149.0,385.0,TK.,Y
VL-489,149.0,385.0,TK.,Y
VL-490,149.0,385.0,TK.,Y
VL-491,399.0,605.0,TK.,Y
VL-492,769.0,935.0,TK.,Y
VL-493,545.0,935.0,TK.,Y
VL-494,439.0,825.0,TK.,Y
VL-495,695.0,935.0,TK.,N
VL-496,695.0,935.0,TK.,Y
VL-497,695.0,935.0,TK.,Y
VL-498,599.0,1452.0,TK.,Y
VL-499,439.0,715.0,TK.,N
VL-500,4985.0,7150.0,TK.,N
VL-501,989.0,1375.0,TK.,Y
VL-502,549.0,1045.0,TK.,Y
VL-503,1084.0,1375.0,TK.,Y
VL-504,3750.0,4850.0,TK.,Y
VL-505,499.0,825.0,TK.,N
VL-506,3985.0,7150.0,TK.,Y
VL-507,5995.0,8500.0,TK.,N
VL-508,399.0,1050.0,TK.,Y
VL-509,499.0,1375.0,TK.,Y
VL-510,439.0,549.0,TK.,N
VL-511,985.0,1485.0,TK.,Y
VL-512,879.0,1155.0,TK.,N
VL-513,879.0,1155.0,TK.,N
VL-514,879.0,1155.0,TK.,N
VL-515,439.0,715.0,TK.,Y
VL-516,439.0,715.0,TK.,Y
VL-517,439.0,715.0,TK.,Y
VL-518,439.0,715.0,TK.,Y
VL-519,439.0,715.0,TK.,Y
VL-520,439.0,715.0,TK.,Y
VL-521,699.0,1045.0,TK.,Y
VL-522,699.0,1045.0,TK.,N
VL-523,699.0,1045.0,TK.,Y
VL-524,1539.0,2145.0,TK.,Y
VL-525,1539.0,2145.0,TK.,Y
VL-526,1539.0,2145.0,TK.,Y
VL-527,1539.0,2145.0,TK.,Y
VL-528,2749.0,3850.0,TK.,N
VL-529,299.0,825.0,TK.,Y
VL-530,299.0,825.0,TK.,Y
VL-531,299.0,825.0,TK.,Y
VL-532,299.0,825.0,TK.,Y
VL-533,299.0,825.0,TK.,Y
VL-534,299.0,825.0,TK.,Y
VL-535,298.0,550.0,TK.,Y
VL-536,298.0,550.0,TK.,N
VL-537,298.0,550.0,TK.,Y
VL-538,297.0,550.0,TK.,Y
VL-539,659.0,1375.0,TK.,Y
VL-540,659.0,1045.0,TK.,N
VL-541,935.0,,TK.,Y
VL-542,935.0,,TK.,Y
VL-543,439.0,935.0,TK.,Y
VL-544,935.0,,TK.,Y
VL-545,499.0,935.0,TK.,Y
VL-546,1995.0,2365.0,TK.,Y
VL-547,1995.0,2415.0,TK.,Y
VL-548,1195.0,3850.0,TK.,Y
VL-549,1195.0,3850.0,TK.,Y
VL-550,2395.0,3500.0,TK.,N
VL-551,2295.0,2750.0,TK.,Y
VL-552,2950.0,3850.0,TK.,Y
VL-553,87.0,220.0,TK.,Y
VL-554,1319.0,1925.0,TK.,N
VL-555,1319.0,1925.0,TK.,N
VL-556,1319.0,1815.0,TK.,Y
VL-557,1319.0,1815.0,TK.,Y
VL-558,499.0,1649.0,TK.,N
VL-559,499.0,1649.0,TK.,N
VL-560,329.0,825.0,TK.,Y
VL-561,329.0,825.0,TK.,Y
VL-562,895.0,1375.0,TK.,Y
VL-563,895.0,1375.0,TK.,Y
VL-564,895.0,1375.0,TK.,N
VL-565,899.0,2750.0,TK.,Y
VL-566,899.0,2750.0,TK.,Y
VL-567,899.0,2750.0,TK.,Y
VL-568,899.0,2750.0,TK.,Y
VL-569,879.0,1155.0,TK.,Y
VL-570,989.0,1155.0,TK.,Y
VL-571,769.0,1155.0,TK.,Y
VL-572,879.0,1155.0,TK.,Y
VL-573,659.0,1375.0,TK.,N
VL-574,659.0,1375.0,TK.,Y
VL-575,659.0,1375.0,TK.,N
VL-576,659.0,1375.0,TK.,N
VL-577,399.0,1045.0,TK.,Y
VL-578,989.0,1155.0,TK.,Y
VL-579,989.0,1155.0,TK.,Y
VL-580,989.0,1155.0,TK.,Y
VL-581,989.0,1155.0,TK.,Y
VL-582,989.0,1155.0,TK.,Y
VL-583,2749.0,3850.0,TK.,Y
VL-584,199.0,935.0,TK.,Y
VL-585,549.0,935.0,TK.,Y
VL-586,199.0,935.0,TK.,Y
VL-587,549.0,825.0,TK.,Y
VL-588,549.0,825.0,TK.,Y
VL-589,549.0,825.0,TK.,Y
VL-590,549.0,825.0,TK.,Y
VL-591,549.0,825.0,TK.,Y
VL-592,549.0,825.0,TK.,Y
VL-593,799.0,1155.0,TK.,Y
VL-594,185.0,350.0,TK.,N
VL-595,185.0,350.0,TK.,N
VL-596,299.0,650.0,TK.,N
VL-597,299.0,650.0,TK.,Y
VL-598,299.0,650.0,TK.,Y
VL-599,299.0,650.0,TK.,Y
VL-600,299.0,650.0,TK.,N
VL-601,299.0,605.0,TK.,N
VL-602,299.0,605.0,TK.,Y
VL-603,299.0,650.0,TK.,Y
VL-604,399.0,825.0,TK.,Y
VL-605,399.0,825.0,TK.,Y
VL-606,439.0,935.0,TK.,Y
VL-607,439.0,935.0,TK.,Y
VL-608,439.0,935.0,TK.,Y
VL-609,549.0,825.0,TK.,Y
VL-610,549.0,825.0,TK.,Y
VL-611,549.0,825.0,TK.,Y
VL-612,499.0,825.0,TK.,Y
VL-613,299.0,605.0,TK.,Y
VL-614,199.0,250.0,TK.,Y
VL-615,499.0,750.0,TK.,N
VL-616,499.0,750.0,TK.,N
VL-617,499.0,750.0,TK.,N
VL-618,989.0,1375.0,TK.,Y
VL-619,989.0,1375.0,TK.,Y
VL-620,989.0,1375.0,TK.,Y
VL-621,989.0,1375.0,TK.,Y
VL-622,989.0,1375.0,TK.,Y
VL-623,989.0,1375.0,TK.,Y
VL-624,439.0,715.0,TK.,Y
VL-625,439.0,715.0,TK.,Y
VL-626,439.0,715.0,TK.,Y
VL-627,439.0,715.0,TK.,Y
VL-628,439.0,715.0,TK.,Y
VL-629,219.0,275.0,TK.,Y
VL-630,195.0,275.0,TK.,Y
VL-631,440.0,,TK.,N
VL-632,879.0,1485.0,TK.,Y
VL-633,329.0,385.0,TK.,Y
VL-634,3079.0,3905.0,TK.,Y
VL-635,549.0,935.0,TK.,Y
VL-636,769.0,935.0,TK.,Y
VL-637,769.0,935.0,TK.,Y
VL-638,769.0,935.0,TK.,Y
VL-639,769.0,935.0,TK.,Y
VL-640,769.0,935.0,TK.,Y
VL-641,499.0,825.0,TK.,Y
VL-642,1995.0,2500.0,TK.,Y
VL-643,1995.0,2500.0,TK.,N
VL-644,1995.0,2500.0,TK.,Y
VL-645,1045.0,1265.0,TK.,Y
VL-646,549.0,715.0,TK.,Y
VL-647,439.0,605.0,TK.,Y
VL-648,505.0,715.0,TK.,Y
VL-649,439.0,715.0,TK.,Y
VL-650,468.0,605.0,TK.,Y
VL-651,435.0,605.0,TK.,Y
VL-652,439.0,748.0,TK.,Y
VL-653,2419.0,2750.0,TK.,Y
VL-654,2419.0,2750.0,TK.,Y
VL-655,2419.0,2750.0,TK.,N
VL-656,2419.0,2750.0,TK.,N
VL-657,499.0,935.0,TK.,Y
VL-658,499.0,935.0,TK.,Y
VL-659,499.0,935.0,TK.,Y
VL-660,99.0,385.0,TK.,Y
VL-661,99.0,385.0,TK.,N
VL-662,99.0,385.0,TK.,Y
VL-663,99.0,385.0,TK.,N
VL-664,99.0,385.0,TK.,Y
VL-665,1799.0,2365.0,TK.,Y
VL-666,879.0,1265.0,TK.,Y
VL-667,879.0,1265.0,TK.,Y
VL-668,879.0,1265.0,TK.,Y
VL-669,1795.0,2035.0,TK.,Y
VL-670,499.0,650.0,TK.,N
VL-671,499.0,650.0,TK.,N
VL-672,499.0,650.0,TK.,N
VL-673,499.0,650.0,TK.,Y
VL-674,499.0,650.0,TK.,Y
VL-675,499.0,650.0,TK.,Y
VL-676,1319.0,1815.0,TK.,Y
VL-677,1095.0,1595.0,TK.,Y
VL-678,989.0,1375.0,TK.,Y
VL-679,199.0,350.0,TK.,N
VL-680,299.0,600.0,TK.,N
VL-681,329.0,825.0,TK.,Y
VL-682,329.0,825.0,TK.,Y
VL-683,329.0,825.0,TK.,Y
VL-684,1499.0,2750.0,TK.,Y
VL-685,2950.0,3800.0,TK.,Y
VL-686,3595.0,4500.0,TK.,Y
VL-687,4500.0,,TK.,Y
VL-688,3595.0,4500.0,TK.,Y
VL-689,439.0,605.0,TK.,Y
VL-690,439.0,605.0,TK.,N
VL-691,329.0,385.0,TK.,Y
VL-692,329.0,385.0,TK.,Y
VL-693,329.0,385.0,TK.,Y
VL-694,329.0,385.0,TK.,Y
VL-695,329.0,385.0,TK.,Y
VL-696,549.0,715.0,TK.,N
VL-697,549.0,715.0,TK.,N
VL-698,549.0,715.0,TK.,N
VL-699,549.0,715.0,TK.,N
VL-700,549.0,715.0,TK.,N
VL-701,549.0,715.0,TK.,N
VL-702,329.0,495.0,TK.,Y
VL-703,329.0,495.0,TK.,Y
VL-704,329.0,495.0,TK.,Y
VL-705,329.0,495.0,TK.,Y
VL-706,3695.0,4850.0,TK.,Y
VL-707,549.0,715.0,TK.,Y
VL-708,549.0,715.0,TK.,Y
VL-709,549.0,715.0,TK.,Y
VL-710,659.0,825.0,TK.,Y
VL-711,659.0,825.0,TK.,Y
VL-712,549.0,825.0,TK.,Y
VL-713,549.0,825.0,TK.,Y
VL-714,549.0,825.0,TK.,Y
VL-715,1095.0,1375.0,TK.,Y
VL-716,329.0,605.0,TK.,Y
VL-717,329.0,605.0,TK.,Y
VL-718,329.0,605.0,TK.,Y
VL-719,329.0,605.0,TK.,Y
VL-720,1095.0,1375.0,TK.,Y
VL-721,299.0,605.0,TK.,Y
VL-722,5484.0,6050.0,TK.,N
VL-723,523.0,825.0,TK.,Y
VL-724,299.0,550.0,TK.,Y
VL-725,299.0,550.0,TK.,Y
VL-726,299.0,550.0,TK.,Y
VL-727,299.0,550.0,TK.,Y
VL-728,299.0,550.0,TK.,Y
VL-729,5495.0,7150.0,TK.,N
VL-730,549.0,825.0,TK.,Y
VL-731,1375.0,1815.0,TK.,Y
VL-732,875.0,1375.0,TK.,Y
VL-733,599.0,850.0,TK.,Y
VL-734,599.0,850.0,TK.,Y
VL-735,299.0,605.0,TK.,Y
VL-736,299.0,605.0,TK.,Y
VL-737,1045.0,1375.0,TK.,Y
VL-738,1045.0,1375.0,TK.,Y
VL-739,1045.0,1375.0,TK.,Y
VL-740,1045.0,1375.0,TK.,Y
VL-741,769.0,1485.0,TK.,Y
VL-742,769.0,1485.0,TK.,Y
VL-743,769.0,1485.0,TK.,Y
VL-744,769.0,1155.0,TK.,Y
VL-745,399.0,935.0,TK.,Y
VL-746,399.0,935.0,TK.,Y
VL-747,399.0,935.0,TK.,Y
VL-748,399.0,935.0,TK.,Y
VL-749,549.0,825.0,TK.,Y
VL-750,699.0,1250.0,TK.,Y
VL-751,2195.0,3300.0,TK.,Y
VL-752,399.0,585.0,TK.,Y
VL-753,149.0,275.0,TK.,N
VL-754,699.0,1595.0,TK.,N
VL-755,699.0,1595.0,TK.,Y
VL-756,699.0,1595.0,TK.,Y
VL-757,1185.0,2035.0,TK.,Y
VL-758,499.0,825.0,TK.,Y
VL-759,1975.0,2850.0,TK.,Y
VL-760,3145.0,4050.0,TK.,Y
VL-761,850.0,1250.0,TK.,Y
VL-762,1319.0,1815.0,TK.,Y
VL-763,1429.0,1815.0,TK.,N
VL-764,499.0,1375.0,TK.,Y
VL-765,499.0,1375.0,TK.,Y
VL-766,499.0,1375.0,TK.,Y
VL-767,3955.0,4950.0,TK.,Y
VL-768,2745.0,3850.0,TK.,Y
VL-769,4290.0,4950.0,TK.,Y
VL-770,4345.0,6050.0,TK.,Y
VL-771,1095.0,2035.0,TK.,Y
VL-772,1095.0,1485.0,TK.,Y
VL-773,995.0,2200.0,TK.,Y
VL-774,989.0,1265.0,TK.,Y
VL-775,329.0,605.0,TK.,Y
VL-776,799.0,1705.0,TK.,N
VL-777,899.0,1550.0,TK.,Y
VL-778,899.0,1550.0,TK.,Y
VL-779,750.0,1375.0,TK.,Y
VL-780,750.0,1375.0,TK.,Y
VL-781,750.0,1375.0,TK.,Y
VL-782,750.0,1375.0,TK.,N
VL-783,750.0,1375.0,TK.,Y
VL-784,750.0,1375.0,TK.,N
VL-785,545.0,935.0,TK.,Y
VL-786,545.0,935.0,TK.,Y
VL-787,523.0,935.0,TK.,Y
VL-788,1649.0,2200.0,TK.,Y
VL-789,769.0,1375.0,TK.,Y
VL-790,1150.0,2250.0,TK.,Y
VL-791,1150.0,2250.0,TK.,Y
VL-792,1295.0,2550.0,TK.,Y
VL-793,1295.0,2550.0,TK.,Y
VL-794,1375.0,2750.0,TK.,Y
VL-795,899.0,1650.0,TK.,Y
VL-796,899.0,1350.0,TK.,Y
VL-797,995.0,1250.0,TK.,Y
VL-798,995.0,1250.0,TK.,Y
VL-799,995.0,1250.0,TK.,Y
VL-800,995.0,1250.0,TK.,Y
VL-801,995.0,1250.0,TK.,Y
VL-802,995.0,1250.0,TK.,Y
VL-803,899.0,1250.0,TK.,Y
VL-804,899.0,1250.0,TK.,Y
VL-805,899.0,1250.0,TK.,Y
VL-806,899.0,1250.0,TK.,Y
VL-807,899.0,1250.0,TK.,Y
VL-808,550.0,,TK.,Y
VL-809,879.0,1550.0,TK.,N
VL-810,899.0,1550.0,TK.,N
VL-811,899.0,1550.0,TK.,N
VL-812,2950.0,3500.0,TK.,Y
VL-813,795.0,1250.0,TK.,Y
VL-814,295.0,550.0,TK.,Y
VL-815,499.0,1250.0,TK.,N
VL-816,499.0,1250.0,TK.,Y
VL-817,499.0,1250.0,TK.,Y
VL-818,499.0,1250.0,TK.,Y
VL-819,399.0,680.0,TK.,Y
VL-820,499.0,1250.0,TK.,N
VL-821,499.0,1250.0,TK.,Y
VL-822,499.0,1250.0,TK.,N
VL-823,499.0,1250.0,TK.,Y
VL-824,899.0,1250.0,TK.,Y
VL-825,219.0,450.0,TK.,N
VL-826,219.0,450.0,TK.,Y
VL-827,219.0,450.0,TK.,Y
VL-828,219.0,450.0,TK.,Y
VL-829,699.0,1250.0,TK.,Y
VL-830,699.0,1250.0,TK.,N
VL-831,699.0,1250.0,TK.,Y
VL-832,899.0,1550.0,TK.,Y
VL-833,699.0,1250.0,TK.,Y
VL-834,699.0,1250.0,TK.,Y
VL-835,699.0,1250.0,TK.,Y
VL-836,899.0,1550.0,TK.,Y
VL-837,299.0,550.0,TK.,Y
VL-838,299.0,550.0,TK.,Y
VL-839,299.0,550.0,TK.,Y
VL-840,799.0,1250.0,TK.,Y
VL-841,499.0,750.0,TK.,Y
VL-842,499.0,750.0,TK.,Y
VL-843,499.0,750.0,TK.,Y
VL-844,499.0,750.0,TK.,Y
VL-845,499.0,750.0,TK.,Y
VL-846,299.0,550.0,TK.,N
VL-847,299.0,550.0,TK.,N
VL-848,299.0,550.0,TK.,N
VL-849,299.0,550.0,TK.,N
VL-850,299.0,550.0,TK.,Y
VL-851,299.0,650.0,TK.,Y
VL-852,299.0,650.0,TK.,Y
VL-853,299.0,650.0,TK.,Y
VL-854,299.0,650.0,TK.,Y
VL-855,299.0,650.0,TK.,N
VL-856,299.0,350.0,TK.,Y
VL-857,299.0,350.0,TK.,Y
VL-858,299.0,350.0,TK.,Y
VL-859,299.0,350.0,TK.,Y
VL-860,299.0,350.0,TK.,N
VL-861,995.0,1850.0,TK.,Y
VL-862,995.0,1850.0,TK.,Y
VL-863,995.0,1850.0,TK.,Y
VL-864,3995.0,4500.0,TK.,Y
VL-865,3950.0,5500.0,TK.,N
VL-866,499.0,550.0,TK.,N
VL-867,499.0,550.0,TK.,Y
VL-868,199.0,250.0,TK.,Y
VL-869,1899.0,2500.0,TK.,N
VL-870,1899.0,2500.0,TK.,N
VL-871,1899.0,2500.0,TK.,N
VL-872,4995.0,6500.0,TK.,Y
VL-873,299.0,350.0,TK.,Y
VL-874,5995.0,8500.0,TK.,Y
VL-875,4595.0,5500.0,TK.,Y
VL-876,595.0,1250.0,TK.,Y
VL-877,599.0,950.0,TK.,Y
VL-878,199.0,550.0,TK.,Y
VL-879,199.0,250.0,TK.,Y
VL-880,49.0,100.0,TK.,Y
VL-881,129.0,250.0,TK.,Y
VL-882,99.0,150.0,TK.,Y
VL-883,3995.0,4500.0,TK.,Y
VL-884,299.0,680.0,TK.,Y
VL-885,299.0,680.0,TK.,Y
VL-886,299.0,680.0,TK.,Y
VL-887,220.0,550.0,TK.,N
VL-888,299.0,850.0,TK.,Y
VL-889,750.0,,TK.,Y
VL-890,299.0,850.0,TK.,Y
VL-891,129.0,350.0,TK.,Y
VL-892,299.0,550.0,TK.,Y
VL-893,1450.0,2500.0,TK.,Y
VL-894,650.0,,TK.,Y
VL-895,909.0,1100.0,TK.,Y
VL-896,399.0,850.0,TK.,Y
VL-897,299.0,550.0,TK.,Y
VL-898,95.0,250.0,TK.,Y
VL-899,6435.0,7500.0,TK.,Y
VL-900,299.0,601.0,TK.,Y
VL-901,1985.0,2746.0,TK.,Y
VL-902,2853.0,2953.0,TK.,Y
VL-903,99.0,250.0,TK.,Y
VL-904,295.0,550.0,TK.,Y
VL-905,422.0,550.0,TK.,Y
VL-906,595.0,1250.0,TK.,Y
VL-907,1852.0,1952.0,TK.,N
VL-908,1852.0,1952.0,TK.,N
VL-909,357.0,850.0,TK.,Y
VL-910,357.0,850.0,TK.,Y
VL-911,399.0,550.0,TK.,Y
VL-912,795.0,1250.0,TK.,Y
VL-913,795.0,1150.0,TK.,Y
VL-914,395.0,650.0,TK.,N
VL-915,395.0,650.0,TK.,Y
VL-916,699.0,850.0,TK.,Y
VL-917,795.0,1250.0,TK.,Y
VL-918,1295.0,1850.0,TK.,Y
VL-919,1295.0,1850.0,TK.,Y
VL-920,1295.0,1850.0,TK.,Y
VL-921,1295.0,1850.0,TK.,Y
VL-922,1295.0,1850.0,TK.,Y
VL-923,795.0,1050.0,TK.,Y
VL-924,795.0,1050.0,TK.,Y
VL-925,795.0,1050.0,TK.,Y
VL-926,795.0,1050.0,TK.,Y
VL-927,795.0,1050.0,TK.,Y
VL-928,795.0,1050.0,TK.,Y
VL-929,299.0,450.0,TK.,Y
VL-930,299.0,450.0,TK.,Y
VL-931,7500.0,10500.0,TK.,Y
VL-932,295.0,550.0,TK.,N
VL-933,4500.0,,TK.,Y
VL-934,4500.0,,TK.,Y
VL-935,2950.0,4500.0,TK.,Y
VL-936,299.0,550.0,TK.,Y
VL-937,3500.0,,TK.,Y
VL-938,550.0,,TK.,Y
VL-939,550.0,,TK.,Y
VL-940,550.0,,TK.,Y
VL-941,550.0,,TK.,Y
VL-942,3500.0,,TK.,Y
VL-943,5500.0,,TK.,N
VL-944,5500.0,,TK.,N
VL-945,5500.0,,TK.,Y
VL-946,6500.0,,TK.,Y
VL-947,6500.0,,TK.,Y
VL-948,6500.0,,TK.,Y
VL-949,149.0,350.0,TK.,Y
VL-950,95.0,350.0,TK.,Y
VL-951,95.0,350.0,TK.,Y
VL-952,95.0,350.0,TK.,Y
VL-953,95.0,350.0,TK.,Y
VL-954,95.0,350.0,TK.,Y
VL-955,95.0,350.0,TK.,Y
VL-956,95.0,350.0,TK.,Y
VL-957,299.0,550.0,TK.,Y
VL-958,129.0,200.0,TK.,Y
VL-959,1495.0,2000.0,TK.,Y
VL-960,1495.0,2000.0,TK.,Y
VL-961,1295.0,2500.0,TK.,N
VL-962,399.0,650.0,TK.,Y
VL-963,1995.0,3500.0,TK.,Y
VL-964,699.0,1250.0,TK.,Y
VL-965,699.0,1250.0,TK.,N
VL-966,699.0,1250.0,TK.,Y
VL-967,648.0,,TK.,Y
VL-968,648.0,,TK.,Y
VL-969,648.0,,TK.,Y
VL-970,648.0,,TK.,Y
VL-971,249.0,350.0,TK.,Y
VL-972,249.0,350.0,TK.,Y
VL-973,883.0,,TK.,Y
VL-974,499.0,2250.0,TK.,Y
VL-975,129.0,250.0,TK.,Y
VL-976,199.0,350.0,TK.,Y
VL-977,399.0,850.0,TK.,Y
VL-978,899.0,2500.0,TK.,Y
VL-979,899.0,2500.0,TK.,Y
VL-980,899.0,2500.0,TK.,Y
VL-981,799.0,1250.0,TK.,Y
VL-982,799.0,1250.0,TK.,Y
VL-983,899.0,1250.0,TK.,Y
VL-984,399.0,650.0,TK.,Y
VL-985,295.0,1250.0,TK.,Y
VL-986,295.0,1250.0,TK.,Y
VL-987,295.0,1250.0,TK.,Y
VL-988,1495.0,2550.0,TK.,Y
VL-989,1495.0,2550.0,TK.,Y
VL-990,379.0,1350.0,TK.,N
VL-991,379.0,1350.0,TK.,N
VL-992,379.0,1350.0,TK.,N
VL-993,379.0,1350.0,TK.,N
VL-994,199.0,850.0,TK.,Y
VL-995,199.0,850.0,TK.,Y
VL-996,199.0,850.0,TK.,Y
VL-997,3395.0,4250.0,TK.,Y
VL-998,695.0,1250.0,TK.,Y
VL-999,695.0,1250.0,TK.,Y
VL-1000,79.0,250.0,TK.,Y
VL-1001,199.0,650.0,TK.,Y
VL-1002,399.0,750.0,TK.,Y
VL-1003,399.0,750.0,TK.,Y
VL-1004,399.0,750.0,TK.,Y
VL-1005,399.0,750.0,TK.,N
VL-1006,399.0,750.0,TK.,Y
VL-1007,195.0,550.0,TK.,Y
VL-1008,1995.0,3500.0,TK.,Y
VL-1009,195.0,500.0,TK.,N
VL-1010,995.0,2000.0,TK.,Y
VL-1011,950.0,1550.0,TK.,Y
VL-1012,950.0,1550.0,TK.,Y
VL-1013,575.0,1250.0,TK.,Y
VL-1014,575.0,1250.0,TK.,Y
VL-1015,575.0,1250.0,TK.,Y
VL-1016,199.0,550.0,TK.,N
VL-1017,199.0,550.0,TK.,Y
VL-1018,199.0,550.0,TK.,Y
VL-1019,899.0,1550.0,TK.,Y
VL-1020,99.0,150.0,TK.,Y
VL-1021,99.0,150.0,TK.,Y
VL-1022,396.0,,TK.,N
VL-1023,499.0,750.0,TK.,Y
VL-1024,599.0,950.0,TK.,Y
VL-1025,569.0,1250.0,TK.,Y
VL-1026,599.0,1250.0,TK.,Y
VL-1027,599.0,1250.0,TK.,Y
VL-1028,599.0,1250.0,TK.,Y
VL-1029,599.0,1250.0,TK.,Y
VL-1030,599.0,1250.0,TK.,Y
VL-1031,599.0,1250.0,TK.,Y
VL-1032,1995.0,2500.0,TK.,Y
VL-1033,1995.0,2500.0,TK.,Y
VL-1034,89.0,250.0,TK.,Y
VL-1035,299.0,550.0,TK.,Y
VL-1036,299.0,550.0,TK.,Y
VL-1037,299.0,550.0,TK.,Y
VL-1038,299.0,550.0,TK.,Y
VL-1039,299.0,550.0,TK.,Y
VL-1040,499.0,750.0,TK.,Y
VL-1041,499.0,750.0,TK.,Y
VL-1042,499.0,750.0,TK.,Y
VL-1043,799.0,950.0,TK.,Y
VL-1044,799.0,950.0,TK.,Y
VL-1045,199.0,550.0,TK.,Y
VL-1046,199.0,550.0,TK.,Y
VL-1047,199.0,550.0,TK.,Y
VL-1048,599.0,1250.0,TK.,Y
VL-1049,1995.0,2850.0,TK.,Y
VL-1050,1995.0,2850.0,TK.,Y
VL-1051,1995.0,2850.0,TK.,Y
VL-1052,199.0,650.0,TK.,Y
VL-1053,299.0,600.0,TK.,Y
VL-1054,249.0,850.0,TK.,Y
VL-1055,249.0,850.0,TK.,Y
VL-1056,249.0,850.0,TK.,Y
VL-1057,299.0,850.0,TK.,Y
VL-1058,299.0,850.0,TK.,Y
VL-1059,299.0,850.0,TK.,Y
VL-1060,299.0,850.0,TK.,Y
VL-1061,199.0,650.0,TK.,N
VL-1062,1095.0,2500.0,TK.,N
VL-1063,225.0,850.0,TK.,Y
VL-1064,350.0,1250.0,TK.,Y
VL-1065,599.0,650.0,TK.,Y
VL-1066,599.0,650.0,TK.,Y
VL-1067,599.0,650.0,TK.,Y
VL-1068,599.0,650.0,TK.,Y
