product_id,sku_id,name_used
175814556,1114562149,USB charge multifunctional music torch mini bluetooth speaker LED flashlights power bank mobile powe
177674642,1117714222,Crystal Globe Can be Placed on Home / Office / Study Table.
177702126,1117706794,Crystal Globe Can be Placed on Home / Office / Study Table. Pack of 3 pc
180782299,1122070020,"Measures approx:2.2*2.2*2.4 NW:180g material: k9 glass crystal ,metal"
183465486,1127802810,প্রোডাক্টের বিবরণ : Kiam নন স্টিক 7 পিস কুক ওয়্যার সেট
183470440,1127817031,Product details of Oven Proof Glass Serving Dish With Lid- Transparent
183803419,1128356424,"Pocket Compass. Pocket Size 1.97in (D) × 0.63in (H), Portable compass to carry when you go out."
184603405,1129737552,Shape: round
189986182,1137525224,Kiam Non-Stick 7 Pieces Cookware Set.
191680686,1138619035,✅【Easy to Hang Wall】: Don't need to be assembled.Our wall clock could be used directly after putting
